FalseNegative,FalsePositive,Cuttree,PercentMatch
53.84615385,61.53846154,150000,42.30769231
46.15384615,69.23076923,125000,42.30769231
23.07692308,38.46153846,100000,69.23076923
30.76923077,38.46153846,75000,65.38461538
15.38461538,15.38461538,50000,84.61538462
23.07692308,30.76923077,40000,73.07692308
30.76923077,30.76923077,30000,69.23076923
23.07692308,23.07692308,25000,76.92307692